<?xml version="1.0" encoding="UTF-8" ?>  
<!DOCTYPE mapper PUBLIC "-//ibatis.apache.org//DTD Mapper 3.0//EN"      
 "http://ibatis.apache.org/dtd/ibatis-3-mapper.dtd">

<mapper namespace="dao.EmployeeDAO">
	<!-- 
		id:要求唯一
		parameterType:参数类型，这儿填写
				实体类的完整的名字。
	 -->
	<insert id="save" 
		parameterType="entity.Employee">
		INSERT INTO t_emp 
		VALUES(t_emp_seq.nextval,#{name},#{age})
	</insert>
	
	<select id="findAll" 
		resultType="entity.Employee">
		SELECT * FROM t_emp
	</select>
	
	<select id="findById" 
		parameterType="int" 
		resultType="entity.Employee">
		SELECT * FROM t_emp WHERE id = #{id1}
	</select>
	
	<update id="modify" 
		parameterType="entity.Employee">
		UPDATE t_emp SET name = #{name},
		age = #{age} WHERE id = #{id}
	</update>
	
	<delete id="delete" parameterType="int">
		DELETE FROM t_emp WHERE id = #{id1}
	</delete>
	
	<!-- 返回Map类型的结果 -->
	<!-- 
		map是java.util.Map的简写形式。
	 -->
	<select id="findById2" 
		parameterType="int" 
		resultType="map">
		SELECT * FROM t_emp WHERE id = #{id1}
	</select>
	
	<!-- 使用resultMap解决表的字段名与
		实体类的属性名不一致的情况 -->
	<resultMap type="entity.Emp" 
		id="empResultMap">
		<result property="empNo" column="id"/>
		<result property="ename" column="name"/>
	</resultMap>
	<select id="findById3" 
		parameterType="int" 
		resultMap="empResultMap">
		SELECT * FROM t_emp WHERE id = #{id}
	</select>	
	
	
	
	
</mapper>