<?xml version="1.0" encoding="UTF-8"?>
<!DOCTYPE struts PUBLIC
    "-//Apache Software Foundation//DTD Struts Configuration 2.3//EN"
    "http://struts.apache.org/dtds/struts-2.3.dtd">
<struts>
	<package name="demo" 
				namespace="/demo"
				extends="struts-default">
		<action name="hello"
				  class="helloAction">
			<result name="success">
				/WEB-INF/msg.jsp
			</result>
		</action>			
	</package>
	<package name="result" namespace="/result"
				extends="struts-default">
		<action name="hello"
				  class="helloAction">
			<result name="success">
				/WEB-INF/msg.jsp
			</result>
		</action>
		<action name="test1">
			<result type="redirectAction">
				hello
			</result>
		</action>
		<action name="test2">
			<result type="redirectAction">
				<param name="namespace">
					/demo
				</param>
				<param name="actionName">
					hello
				</param>
			</result>
		</action>
		<action name="test3">
			<result type="redirect">
				http://doc.tedu.cn
			</result>
		</action>
		<action name="test4">
			<result type="redirect">
				<param name="location">
					http://doc.tedu.cn
				</param>
			</result>
		</action>
		<action name="sw" class="switchAcation"
				  method="doSwitch">
			<!-- 默认为转发类型,可以不指定type -->	  
			<result name="1" type="dispatcher">
				/WEB-INF/msg.jsp
			</result>
			<!-- 重定向URL 类型为:redirect -->
			<result name="2" type="redirect">
				http://doc.tedu.cn
			</result>
			<!-- 重定向Action 类型:redirectAction -->
			<result name="3" type="redirectAction">
				hello
			</result>
			<result name="4" type="redirectAction">
				<param name="namespace">
					/demo
				</param>
				<param name="actionName">
					hello
				</param>
			</result>
		</action>
		<action name="image" class="imageAction">
			<result name="success" type="stream">
				<param name="contentType">image/png</param>
				<param name="inputName">image</param>
				<param name="contentDisposition">attachment;filename="hello.png"</param>
			</result>
		</action>
	</package>
	
</struts>









