<?xml version="1.0" encoding="UTF-8"?>
<beans xmlns="http://www.springframework.org/schema/beans" 
	xmlns:xsi="http://www.w3.org/2001/XMLSchema-instance"
	xmlns:context="http://www.springframework.org/schema/context" 
	xmlns:jdbc="http://www.springframework.org/schema/jdbc"  
	xmlns:jee="http://www.springframework.org/schema/jee" 
	xmlns:tx="http://www.springframework.org/schema/tx"
	xmlns:aop="http://www.springframework.org/schema/aop" 
	xmlns:mvc="http://www.springframework.org/schema/mvc"
	xmlns:util="http://www.springframework.org/schema/util"
	xmlns:jpa="http://www.springframework.org/schema/data/jpa"
	xsi:schemaLocation="
		http://www.springframework.org/schema/beans http://www.springframework.org/schema/beans/spring-beans-3.2.xsd
		http://www.springframework.org/schema/context http://www.springframework.org/schema/context/spring-context-3.2.xsd
		http://www.springframework.org/schema/jdbc http://www.springframework.org/schema/jdbc/spring-jdbc-3.2.xsd
		http://www.springframework.org/schema/jee http://www.springframework.org/schema/jee/spring-jee-3.2.xsd
		http://www.springframework.org/schema/tx http://www.springframework.org/schema/tx/spring-tx-3.2.xsd
		http://www.springframework.org/schema/data/jpa http://www.springframework.org/schema/data/jpa/spring-jpa-1.3.xsd
		http://www.springframework.org/schema/aop http://www.springframework.org/schema/aop/spring-aop-3.2.xsd
		http://www.springframework.org/schema/mvc http://www.springframework.org/schema/mvc/spring-mvc-3.2.xsd
		http://www.springframework.org/schema/util http://www.springframework.org/schema/util/spring-util-3.2.xsd">
	<!-- 使用spring表达式读取
		其它的bean的属性 -->
	<bean id="ib1" class="value.InfoBean">
		<property name="name" 
		value="#{vb1.name}"/>
		<property name="interest"
		value="#{vb1.interest[1]}"/>
		<property name="score"
		value="#{vb1.score['english']}"/>
		<property name="pageSize"
		value="#{config.pageSize}"/>
	</bean>
	
	
	<!-- 注入基本类型的值 -->
	<bean id="vb1" class="value.ValueBean">
		<property name="name" value="关关"/>
		<property name="age" value="22"/>
		<property name="interest">
			<list>
				<value>台球</value>
				<value>钓鱼</value>
				<value>看电视</value>
				<value>看电视</value>
			</list>
		</property>
		<property name="city">
			<set>
				<value>北京</value>
				<value>上海</value>
				<value>武汉</value>
				<value>武汉</value>
			</set>
		</property>
		<property name="score">
			<map>
				<entry key="english" value="70"/>
				<entry key="math" value="90"/>
			</map>
		</property>
		<property name="db">
			<props>
				<prop key="username">Sally</prop>
				<prop key="password">1234</prop>
			</props>
		</property>
	</bean>
	
	<!-- 将集合类型的值配置成一个bean -->
	<!-- 
		util:list 表示使用的是util命名空间下的
		list元素。
		命名空间:为了区分同名的元素而添加的前缀。
	 -->
	<util:list id="interestBean">
		<value>喝酒</value>
		<value>烫头</value>
		<value>抽烟</value>
	</util:list>
	<util:set id="cityBean">
		<value>长沙</value>
		<value>岳阳</value>
		<value>华容</value>
	</util:set>
	<util:map id="scoreBean">
		<entry key="math" value="80"/>
		<entry key="english" value="59.5"/>
	</util:map>
	<util:properties id="dbBean">
		<prop key="username">Giving</prop>
		<prop key="password">test</prop>
	</util:properties>
	
	<!-- 采用引用的方式注入集合类型的值 -->
	<bean id="eb1" class="value.ExampleBean">
		<property name="interest" 
		ref="interestBean"/>
		<property name="city"
		ref="cityBean"/>
		<property name="score"
		ref="scoreBean"/>
		<property name="db"
		ref="dbBean"/>
	</bean>
	
	<!-- 读取.properties文件的内容 -->
	<!-- 
		location:指定属性文件的位置。
		注：classpath,表示让容器依据类路径
		去查找属性文件。
		容器会读取指定位置的文件的内容，并且
		将这些内容存放到Properties对象里面
	 -->
	<util:properties id="config" 
	location="classpath:config.properties"/>
	
	
</beans>


