﻿<?xml version="1.0" encoding="utf-8"?>
<!DOCTYPE hibernate-mapping PUBLIC 
 "-//Hibernate/Hibernate Mapping DTD 3.0//EN"
 "http://www.hibernate.org/dtd/hibernate-mapping-3.0.dtd">
<hibernate-mapping>
	<class name="cn.tedu.TUser" table="t_user">
		<id name="id" column="u_id" type="int">
			<generator class="identity" />
		</id>
		<property name="name" column="u_name"
					 type="string"></property>
		<set name="books">
			<key column="u_userid"></key>
			<one-to-many class="cn.tedu.TBook" />
		</set>
	</class>
</hibernate-mapping>







