<?xml version="1.0" encoding="UTF-8"?>
<beans xmlns="http://www.springframework.org/schema/beans" 
	xmlns:xsi="http://www.w3.org/2001/XMLSchema-instance"
	xmlns:context="http://www.springframework.org/schema/context" 
	xmlns:jdbc="http://www.springframework.org/schema/jdbc"  
	xmlns:jee="http://www.springframework.org/schema/jee" 
	xmlns:tx="http://www.springframework.org/schema/tx"
	xmlns:aop="http://www.springframework.org/schema/aop" 
	xmlns:mvc="http://www.springframework.org/schema/mvc"
	xmlns:util="http://www.springframework.org/schema/util"
	xmlns:jpa="http://www.springframework.org/schema/data/jpa"
	xsi:schemaLocation="
		http://www.springframework.org/schema/beans http://www.springframework.org/schema/beans/spring-beans-3.2.xsd
		http://www.springframework.org/schema/context http://www.springframework.org/schema/context/spring-context-3.2.xsd
		http://www.springframework.org/schema/jdbc http://www.springframework.org/schema/jdbc/spring-jdbc-3.2.xsd
		http://www.springframework.org/schema/jee http://www.springframework.org/schema/jee/spring-jee-3.2.xsd
		http://www.springframework.org/schema/tx http://www.springframework.org/schema/tx/spring-tx-3.2.xsd
		http://www.springframework.org/schema/data/jpa http://www.springframework.org/schema/data/jpa/spring-jpa-1.3.xsd
		http://www.springframework.org/schema/aop http://www.springframework.org/schema/aop/spring-aop-3.2.xsd
		http://www.springframework.org/schema/mvc http://www.springframework.org/schema/mvc/spring-mvc-3.2.xsd
		http://www.springframework.org/schema/util http://www.springframework.org/schema/util/spring-util-3.2.xsd">
	<!-- 注入基本类型的值 -->
	<bean id="vb1" class="value.ValueBean">
		<property name="name" value="关关"/>
		<property name="age" value="22"/>
		<property name="interest">
			<list>
				<value>台球</value>
				<value>钓鱼</value>
				<value>看电视</value>
				<value>看电视</value>
			</list>
		</property>
		<property name="city">
			<set>
				<value>北京</value>
				<value>上海</value>
				<value>武汉</value>
				<value>武汉</value>
			</set>
		</property>
		<property name="score">
			<map>
				<entry key="english" value="70"/>
				<entry key="math" value="90"/>
			</map>
		</property>
		<property name="db">
			<props>
				<prop key="username">Sally</prop>
				<prop key="password">1234</prop>
			</props>
		</property>
	</bean>
	
	
</beans>


