﻿<?xml version="1.0" encoding="utf-8"?>
<!DOCTYPE hibernate-mapping PUBLIC 
 "-//Hibernate/Hibernate Mapping DTD 3.0//EN"
 "http://www.hibernate.org/dtd/hibernate-mapping-3.0.dtd">
<hibernate-mapping>
	<class name="cn.tedu.entity.User" table="cn_user">
		<id name="id" column="id" type="string"></id>
		<property name="name" column="name" type="string" />
		<property name="password" column="password" type="string" />
		<property name="token" column="token" type="string" />
		<property name="nick" column="nick" type="string" />
	</class>
</hibernate-mapping>