<?xml version="1.0" encoding="UTF-8"?>
<beans xmlns="http://www.springframework.org/schema/beans"
	xmlns:xsi="http://www.w3.org/2001/XMLSchema-instance" xmlns:context="http://www.springframework.org/schema/context"
	xmlns:jdbc="http://www.springframework.org/schema/jdbc" xmlns:jee="http://www.springframework.org/schema/jee"
	xmlns:tx="http://www.springframework.org/schema/tx" xmlns:aop="http://www.springframework.org/schema/aop"
	xmlns:mvc="http://www.springframework.org/schema/mvc" xmlns:util="http://www.springframework.org/schema/util"
	xmlns:jpa="http://www.springframework.org/schema/data/jpa"
	xsi:schemaLocation="
		http://www.springframework.org/schema/beans http://www.springframework.org/schema/beans/spring-beans-3.2.xsd
		http://www.springframework.org/schema/context http://www.springframework.org/schema/context/spring-context-3.2.xsd
		http://www.springframework.org/schema/jdbc http://www.springframework.org/schema/jdbc/spring-jdbc-3.2.xsd
		http://www.springframework.org/schema/jee http://www.springframework.org/schema/jee/spring-jee-3.2.xsd
		http://www.springframework.org/schema/tx http://www.springframework.org/schema/tx/spring-tx-3.2.xsd
		http://www.springframework.org/schema/data/jpa http://www.springframework.org/schema/data/jpa/spring-jpa-1.3.xsd
		http://www.springframework.org/schema/aop http://www.springframework.org/schema/aop/spring-aop-3.2.xsd
		http://www.springframework.org/schema/mvc http://www.springframework.org/schema/mvc/spring-mvc-3.2.xsd
		http://www.springframework.org/schema/util http://www.springframework.org/schema/util/spring-util-3.2.xsd">
	<!-- 配置组件扫描 -->
	<context:component-scan base-package="cn.tedu.netctoss" />
	<!-- 配置MVC注解扫描 -->
	<mvc:annotation-driven />
	<!-- 配置视图解析器 -->
	<bean
		class="org.springframework.web.servlet.view.InternalResourceViewResolver">
		<property name="prefix" value="/WEB-INF/" />
		<property name="suffix" value=".jsp" />
	</bean>

	<!-- 读取db.properties文件 -->
	<util:properties id="db" 
	location="classpath:db.properties" />

	<!-- 配置连接池 -->
	<bean id="ds" class="org.apache.commons.dbcp.BasicDataSource"
		destroy-method="close">
		<property name="driverClassName" value="#{db.driver}" />
		<property name="url" value="#{db.url}" />
		<property name="username" value="#{db.user}" />
		<property name="password" value="#{db.pwd}" />
	</bean>
	
	<!-- 配置用于session验证的拦截器 -->
	<!-- 
		如果有多个拦截器满足拦截处理的要求，
		则依据配置的先后顺序来执行。
	 -->
	<mvc:interceptors>
		<mvc:interceptor>
			<mvc:mapping path="/**"/>
			<mvc:exclude-mapping path="/toLogin.do"/>
			<mvc:exclude-mapping path="/login.do"/>
			<bean class="cn.tedu.netctoss.interceptors.SessionInterceptor"/>
		</mvc:interceptor>
	</mvc:interceptors>
	
</beans>

