<?xml version="1.0" encoding="UTF-8"?>

<list>
  <emp id="1">
    <name>张三</name>
    <age>22</age>
    <gender>男</gender>
    <salary>3000</salary>
  </emp>
  <emp id="2">
    <name>李四</name>
    <age>23</age>
    <gender>女</gender>
    <salary>4000</salary>
  </emp>
  <emp id="3">
    <name>王五</name>
    <age>24</age>
    <gender>男</gender>
    <salary>5000</salary>
  </emp>
  <emp id="4">
    <name>赵六</name>
    <age>25</age>
    <gender>女</gender>
    <salary>6000</salary>
  </emp>
  <emp id="5">
    <name>钱七</name>
    <age>26</age>
    <gender>男</gender>
    <salary>7000</salary>
  </emp>
</list>
